P3P true Anthony
Jabrias true Daniel-dan-jabiras
JGold true Ben-jgod-jold-beno9000
Mag true Magnanima-magnanimousness-matthew-magnanimous
Marge true
Bups true Pax-paxton
Peele true peel-peelee
Jerm true Jeremy-jermm-dark-bigjerm
Pasta true pasta420-pastaforeva-netplaygamer
Keller true kkeller-kkeller13
Kestoro true joe-kest-
Jefferson true jeffersonz
Slawdawg true G-thog-garrett-slawdawg333-G:P-slawmonkey333-slaw
Kshrubb true shrub-shrubb-kshrub
Rock true sunshine-businesss
devMan true dev-devmanwalking-tristan
Polecat false
SMM true daybreeze-setch22
Spizzo true cirinio-speezus-speezo
Bricc true
Exposed false exposednips-stb/shedgamingexposed-stbexposed-stinky-stb
Pineapple true pineapplenc
ImDolfin false
Sakbal true sakball
Wiige false wiigethewise
Boltman false boltman5
Norboar false
Utensil false
Pelipper false
Satchel false satchelssbm
Simmons false $immons-fuegosimmons
Evan true farupthere
Bobby true l!X0-ssb_lix0-lixo-lix0
Petra true petra_it_up
Ogre false f450ogreedition-Ogre_of_the_Leaf-Akatsuki_Ogre-hiddenleafogre
Boks true boks02
Cam true chamizard
regi true reginald-djayregi-king
eotfofyl false max-maxh-maxwell-
mericc false meric
ibrisky false brisky
zane true zane420-Jason-zame
blackchris false chris-bl@ckchris
sushi false
shenal false shen-shenalco-shenron
qwest false qwestluv
viber false vibe-vibe_ace-vibeace-roman-the_doho_nooder
harrison false harry-hjordan
walterjr false walter-walt
chastizer false
foolishfo0l false foolishfool
sweatshorts false
cabi false cabi_the_bowser_main
blue53 false blue-blue52
truck true truck-big_truck-trock-bigtruck-big
tucker false tucker22
pat false corolla-fattyferocious
white false
mlmlop false heavily
rei true reiann
geoux false fbjoe
subie false soobiedoobie-subertdubert
grubbysaturn true
nicky true gutterpup
swashmello false swash
hollow false hollow:3-hollow01
gnhomie true
tay-k true
axl true axlaxlaxl
penguin true
dairodactyl false
michael false
nogh false
balz true balzmelee
siddward false
chavez true
lemons true
gobstoplobster true gob
isla false bunny-thicceon-tiger-isles-msisles
lipsun true lippy-lispiini-jayce
don true
ethereal false
bongobeat false bongo-bongobeast-bingo
baber false percules-baberr-icyyoopy
johnny false johnnyvfgc-umvc3-pinkboyjohnny
whoskite false
jose_cuervo true cuervo
ivever false
timmy false
duk false videogameplayer69
baconmachete false
jpegrodeo false
gabe false moose-moose_of_atrium-peeisstoredinballs
mage false magemayne
spuppy false
tarmon false
tormaad false
ironbullmeat false
mystik false
brunky false
quick false
sheuma false
sneak false
kriskros false krisskross
thkyle false
sake05 false KS|-sake5
boris false
emerald1999 false
badmouth false
kaywayz false jaywayz
jetfuelghost false
prometheus false
cautious false cautlous
futuris48 false
zion false
iceberg_sampson false
beekay71 false
brutal false
Champloooooo false
belm0ney false
roastfellow false
slim false
Act false Act_
ed. false eddie-blunted.-ed
pinoot false
busta false _busta_-bu$ta
legrats false
AVI false .AVI
soma false
roofydmf true
babyj false baby_j-baby
ryuta false takao
savestate false
syched false
zavegg false
ihopdan false IHOP
crane false
RubbahBand false
roma64 false
saef false saefssbm-agent
amp false
ordotorp false ordo-torp
gritty false grittyyyy
osmics false
cheesebutter false richard
docfather false
elreyroto false RJ
mork true mork1
meat false meat_god
spookedya false
coinpurr true coinper
SweddySpagetti true
jack true
ovengut true
mope false jackamope
shocksta false nickdeda
badlink false
dash false
redman false redmanssbm
devyn false
kevin true kev-kevinstone
alex91 true
envyenby true
lonecubone false
randy false
nick false
sherrif false
m00nbear true moonbear
canoe true
leonis false aleonis
SigmaSoldier false
dage false
lightrook false
scoot false
mute true